User name,AWS access key,Event time,Event source,Event name,AWS region,Source IP address,User agent,Error code,Resources,Request ID,Event ID,Read-only,Event type,Recipient Account Id,Event category,,
Daniel,,2021-01-06T09:56:40Z,signin.amazonaws.com,ConsoleLogin,us-east-1,93.44.192.68,"Mozilla/5.0 (Macintosh; Intel Mac OS X 11_1_0) AppleWebKit/537.36 (KHTML, like Gecko) Chrome/87.0.4280.88 Safari/537.36",,[],,0d05d4ac-f5ce-4c74-b43d-c0a246d8ec07,false,AwsConsoleSignIn,182640989777,Management,,
Dmondello,AKIASVBSAKZIZPALM7BL,2021-01-06T08:05:12Z,iam.amazonaws.com,AttachRolePolicy,us-east-1,93.44.192.68,aws-sdk-go/1.36.7 (go1.15.5, darwin, amd64) APN/1.0 HashiCorp/1.0 Terraform/0.14.3 (+https://www.terraform.io),,"[{""resourceType"":""AWS::IAM::Policy"",""resourceName"":""arn:aws:iam::182640989777:policy/lambda_logging""},{""resourceType"":""AWS::IAM::Role"",""resourceName"":""iam_for_lambda""}]",b4b018de-fcf6-4e87-81ea-337b00fec227,e5bd8e62-2854-4c61-bf69-00a797ea2346,false,AwsApiCall,182640989777,Management
Dmondello,AKIASVBSAKZIZPALM7BL,2021-01-06T08:05:10Z,iam.amazonaws.com,CreateRole,us-east-1,93.44.192.68,aws-sdk-go/1.36.7 (go1.15.5, darwin, amd64) APN/1.0 HashiCorp/1.0 Terraform/0.14.3 (+https://www.terraform.io),,"[{""resourceType"":""AWS::IAM::Role"",""resourceName"":""iam_for_lambda""},{""resourceType"":""AWS::IAM::Role"",""resourceName"":""arn:aws:iam::182640989777:role/iam_for_lambda""},{""resourceType"":""AWS::IAM::Role"",""resourceName"":""AROASVBSAKZI4FN3Y7ELD""}]",f15e76fa-72a3-4d0a-a63b-af6d7a3e5750,7e5167e2-83d4-4c0b-b6d4-2d956f5a2640,false,AwsApiCall,182640989777,Management
Dmondello,AKIASVBSAKZIZPALM7BL,2021-01-06T08:05:10Z,iam.amazonaws.com,CreatePolicy,us-east-1,93.44.192.68,aws-sdk-go/1.36.7 (go1.15.5, darwin, amd64) APN/1.0 HashiCorp/1.0 Terraform/0.14.3 (+https://www.terraform.io),,"[{""resourceType"":""AWS::IAM::Policy"",""resourceName"":""lambda_logging""},{""resourceType"":""AWS::IAM::Policy"",""resourceName"":""ANPASVBSAKZIZTAERJ4IO""},{""resourceType"":""AWS::IAM::Policy"",""resourceName"":""arn:aws:iam::182640989777:policy/lambda_logging""}]",3c76cff0-25d5-43e1-a52b-f3b8c0a92baf,814aaa31-cc2a-4837-a029-9fd524dd6f4b,false,AwsApiCall,182640989777,Management
Daniel,ASIASVBSAKZI3F9YLSKS,2021-01-06T01:10:29Z,iam.amazonaws.com,DeletePolicy,us-east-1,93.44.192.68,console.amazonaws.com,,"[{""resourceType"":""AWS::IAM::Policy"",""resourceName"":""arn:aws:iam::182640989777:policy/lambda_logging""}]",047b68b7-f270-4fc0-b4be-4785b2b16f5f,82468d78-16ca-4085-b974-ca459b6e7f93,false,AwsApiCall,182640989777,Management,,
Daniel,ASIASVBSAKZI3F9YLSKS,2021-01-06T01:10:28Z,iam.amazonaws.com,DetachRolePolicy,us-east-1,93.44.192.68,console.amazonaws.com,,"[{""resourceType"":""AWS::IAM::Policy"",""resourceName"":""arn:aws:iam::182640989777:policy/lambda_logging""},{""resourceType"":""AWS::IAM::Role"",""resourceName"":""lambda_exec""}]",897d0fbe-0c7a-4a26-a57e-b77f552285d4,6c81d230-5ebb-4b65-b8f7-3e5d6fa75350,false,AwsApiCall,182640989777,Management,,
Daniel,ASIASVBSAKZI3F9YLSKS,2021-01-06T01:04:40Z,iam.amazonaws.com,DeleteRole,us-east-1,93.44.192.68,console.amazonaws.com,,"[{""resourceType"":""AWS::IAM::Role"",""resourceName"":""iam_for_lambda""}]",ee15221c-efbf-4787-a766-57b5beabb237,767cd102-045e-4438-bae9-3236bb9a7389,false,AwsApiCall,182640989777,Management,,
Daniel,ASIASVBSAKZI3F9YLSKS,2021-01-06T01:04:39Z,iam.amazonaws.com,DetachRolePolicy,us-east-1,93.44.192.68,console.amazonaws.com,,"[{""resourceType"":""AWS::IAM::Policy"",""resourceName"":""arn:aws:iam::182640989777:policy/lambda_logging""},{""resourceType"":""AWS::IAM::Role"",""resourceName"":""iam_for_lambda""}]",81c1e092-6705-406f-a680-56e2518ba9fb,cf5a98ed-eea5-4dfe-8c57-35f2d4663929,false,AwsApiCall,182640989777,Management,,
Daniel,ASIASVBSAKZI3F9YLSKS,2021-01-06T01:04:39Z,iam.amazonaws.com,DetachRolePolicy,us-east-1,93.44.192.68,console.amazonaws.com,,"[{""resourceType"":""AWS::IAM::Policy"",""resourceName"":""arn:aws:iam::aws:policy/service-role/AWSLambdaBasicExecutionRole""},{""resourceType"":""AWS::IAM::Role"",""resourceName"":""iam_for_lambda""}]",6733d05d-0a4c-45fa-a891-ae551bd712fd,edc2367c-6165-42b0-94e0-e5be1d0e487b,false,AwsApiCall,182640989777,Management,,
Dmondello,AKIASVBSAKZIZPALM7BL,2021-01-05T23:22:16Z,iam.amazonaws.com,AttachRolePolicy,us-east-1,93.44.192.68,aws-sdk-go/1.36.7 (go1.15.5, darwin, amd64) APN/1.0 HashiCorp/1.0 Terraform/0.14.3 (+https://www.terraform.io),,"[{""resourceType"":""AWS::IAM::Policy"",""resourceName"":""arn:aws:iam::182640989777:policy/lambda_logging""},{""resourceType"":""AWS::IAM::Role"",""resourceName"":""iam_for_lambda""}]",fd51c558-7e35-44ad-965e-6983fb297e3a,203afd03-4ec1-410a-bf4f-cafc249064f3,false,AwsApiCall,182640989777,Management
Daniel,ASIASVBSAKZI3F9YLSKS,2021-01-05T22:05:35Z,iam.amazonaws.com,AttachRolePolicy,us-east-1,93.44.192.68,console.amazonaws.com,,"[{""resourceType"":""AWS::IAM::Policy"",""resourceName"":""arn:aws:iam::aws:policy/service-role/AWSLambdaBasicExecutionRole""},{""resourceType"":""AWS::IAM::Role"",""resourceName"":""iam_for_lambda""}]",7ebb326d-68b2-45b2-bc61-68d082c7bdde,cbd8c2af-e3b1-45a8-8d78-9bdb5a7bce1c,false,AwsApiCall,182640989777,Management,,
Dmondello,ASIASVBSAKZI3F9YLSKS,2021-01-05T22:00:44Z,iam.amazonaws.com,AttachRolePolicy,us-east-1,93.44.192.68,aws-sdk-go/1.36.7 (go1.15.5, darwin, amd64) APN/1.0 HashiCorp/1.0 Terraform/0.14.3 (+https://www.terraform.io),,"[{""resourceType"":""AWS::IAM::Policy"",""resourceName"":""arn:aws:iam::182640989777:policy/lambda_logging""},{""resourceType"":""AWS::IAM::Role"",""resourceName"":""lambda_exec""}]",dece80dc-a423-4850-9921-82c2cecc2a0e,9c969caa-8bcb-46b3-b2de-159961ea8496,false,AwsApiCall,182640989777,Management
Dmondello,ASIASVBSAKZI3F9YLSKS,2021-01-05T22:00:43Z,iam.amazonaws.com,CreatePolicy,us-east-1,93.44.192.68,aws-sdk-go/1.36.7 (go1.15.5, darwin, amd64) APN/1.0 HashiCorp/1.0 Terraform/0.14.3 (+https://www.terraform.io),,"[{""resourceType"":""AWS::IAM::Policy"",""resourceName"":""lambda_logging""},{""resourceType"":""AWS::IAM::Policy"",""resourceName"":""ANPASVBSAKZIWVACMPGCG""},{""resourceType"":""AWS::IAM::Policy"",""resourceName"":""arn:aws:iam::182640989777:policy/lambda_logging""}]",fee72aeb-60b0-45f7-b17d-4096ef1058d5,651da004-84c0-4749-a1f6-61ea0082b2aa,false,AwsApiCall,182640989777,Management
Dmondello,ASIASVBSAKZI3F9YLSKS,2021-01-05T22:00:43Z,iam.amazonaws.com,CreateRole,us-east-1,93.44.192.68,aws-sdk-go/1.36.7 (go1.15.5, darwin, amd64) APN/1.0 HashiCorp/1.0 Terraform/0.14.3 (+https://www.terraform.io),,"[{""resourceType"":""AWS::IAM::Role"",""resourceName"":""lambda_exec""},{""resourceType"":""AWS::IAM::Role"",""resourceName"":""arn:aws:iam::182640989777:role/lambda_exec""},{""resourceType"":""AWS::IAM::Role"",""resourceName"":""AROASVBSAKZIUDKLJ5HCV""}]",fbe75ae5-8185-4781-b212-c2ac6b6dbed0,66c24c4d-0902-4cee-9bf3-b9048639a587,false,AwsApiCall,182640989777,Management
Daniel,ASIASVBSAKZI3F9YLSKS,2021-01-05T21:54:35Z,iam.amazonaws.com,DeleteRole,us-east-1,93.44.192.68,console.amazonaws.com,,"[{""resourceType"":""AWS::IAM::Role"",""resourceName"":""lambda_exec""}]",f123899b-ae06-4eed-9b90-7488662a3fc3,cae30308-b5df-4e1e-862a-a7fdb6abc8d5,false,AwsApiCall,182640989777,Management,,
Daniel,ASIASVBSAKZI3F9YLSKS,2021-01-05T21:53:56Z,iam.amazonaws.com,DeletePolicy,us-east-1,93.44.192.68,console.amazonaws.com,,"[{""resourceType"":""AWS::IAM::Policy"",""resourceName"":""arn:aws:iam::182640989777:policy/lambda_logging""}]",e6738c46-0243-4cee-9629-24e85caa6357,5c5858b2-1e41-46e8-a279-517ca5c08d96,false,AwsApiCall,182640989777,Management,,
Daniel,ASIASVBSAKZI3F9YLSKS,2021-01-05T21:53:56Z,iam.amazonaws.com,DetachRolePolicy,us-east-1,93.44.192.68,console.amazonaws.com,,"[{""resourceType"":""AWS::IAM::Policy"",""resourceName"":""arn:aws:iam::182640989777:policy/lambda_logging""},{""resourceType"":""AWS::IAM::Role"",""resourceName"":""lambda_exec""}]",03cc2121-c1e3-4623-8815-7a7356a80726,b6929aa6-462e-465b-9753-67823312020d,false,AwsApiCall,182640989777,Management,,
Daniel,,2021-01-05T21:42:46Z,signin.amazonaws.com,ConsoleLogin,us-east-1,93.44.192.68,"Mozilla/5.0 (Macintosh; Intel Mac OS X 11_1_0) AppleWebKit/537.36 (KHTML, like Gecko) Chrome/87.0.4280.88 Safari/537.36",,[],,4cb8ba44-7d66-41fd-974b-4f77fcc7d040,false,AwsConsoleSignIn,182640989777,Management,,
Dmondello,AKIASVBSAKZIZPALM7BL,2021-01-05T21:39:54Z,iam.amazonaws.com,AttachRolePolicy,us-east-1,93.44.192.68,aws-sdk-go/1.36.7 (go1.15.5, darwin, amd64) APN/1.0 HashiCorp/1.0 Terraform/0.14.3 (+https://www.terraform.io),,"[{""resourceType"":""AWS::IAM::Policy"",""resourceName"":""arn:aws:iam::182640989777:policy/lambda_logging""},{""resourceType"":""AWS::IAM::Role"",""resourceName"":""lambda_exec""}]",f9dda86b-9199-410b-8fe5-e4fbea3c5fb1,95e34f7d-893f-424b-83f3-e14dc330e8ab,false,AwsApiCall,182640989777,Management
Dmondello,AKIASVBSAKZIZPALM7BL,2021-01-05T21:39:52Z,iam.amazonaws.com,CreatePolicy,us-east-1,93.44.192.68,aws-sdk-go/1.36.7 (go1.15.5, darwin, amd64) APN/1.0 HashiCorp/1.0 Terraform/0.14.3 (+https://www.terraform.io),,"[{""resourceType"":""AWS::IAM::Policy"",""resourceName"":""lambda_logging""},{""resourceType"":""AWS::IAM::Policy"",""resourceName"":""arn:aws:iam::182640989777:policy/lambda_logging""},{""resourceType"":""AWS::IAM::Policy"",""resourceName"":""ANPASVBSAKZIUJHSHWEUZ""}]",c9fdc42c-fb8c-4836-8d41-8ac9d6ae485d,78fa1d6d-78fd-40fc-b850-79b4f844ac0b,false,AwsApiCall,182640989777,Management
Dmondello,AKIASVBSAKZIZPALM7BL,2021-01-05T21:39:51Z,iam.amazonaws.com,CreateRole,us-east-1,93.44.192.68,aws-sdk-go/1.36.7 (go1.15.5, darwin, amd64) APN/1.0 HashiCorp/1.0 Terraform/0.14.3 (+https://www.terraform.io),,"[{""resourceType"":""AWS::IAM::Role"",""resourceName"":""lambda_exec""},{""resourceType"":""AWS::IAM::Role"",""resourceName"":""AROASVBSAKZI52YBCYREU""},{""resourceType"":""AWS::IAM::Role"",""resourceName"":""arn:aws:iam::182640989777:role/lambda_exec""}]",86944c86-822b-4bf6-9841-820744d23c59,548f819a-cbb7-4465-987e-a3d479149b15,false,AwsApiCall,182640989777,Management
Daniel,ASIASVBSAKZIY6LVOKXU,2021-01-05T21:34:58Z,iam.amazonaws.com,DeleteRole,us-east-1,93.44.192.68,console.amazonaws.com,,"[{""resourceType"":""AWS::IAM::Role"",""resourceName"":""lambda_exec""}]",149814de-e2b0-4d2e-a425-657b9438295a,7bd3067d-b095-4667-88b6-35734f73d22f,false,AwsApiCall,182640989777,Management,,
Daniel,ASIASVBSAKZIY6LVOKXU,2021-01-05T21:34:09Z,iam.amazonaws.com,DeletePolicy,us-east-1,93.44.192.68,console.amazonaws.com,,"[{""resourceType"":""AWS::IAM::Policy"",""resourceName"":""arn:aws:iam::182640989777:policy/lambda_logging""}]",32bd2593-3a42-4e7b-8c52-b572d7776f0a,ee56b97c-aaa7-4b9f-a0ba-719aa908265e,false,AwsApiCall,182640989777,Management,,
Daniel,ASIASVBSAKZIY6LVOKXU,2021-01-05T21:34:08Z,iam.amazonaws.com,DetachRolePolicy,us-east-1,93.44.192.68,console.amazonaws.com,,"[{""resourceType"":""AWS::IAM::Policy"",""resourceName"":""arn:aws:iam::182640989777:policy/lambda_logging""},{""resourceType"":""AWS::IAM::Role"",""resourceName"":""iam_for_lambda""}]",ab80f01c-5f33-4210-8c32-d538111ca933,3c74942b-363b-4680-a38d-ff44f65a2c06,false,AwsApiCall,182640989777,Management,,
Dmondello,AKIASVBSAKZIZPALM7BL,2021-01-05T21:30:46Z,iam.amazonaws.com,CreatePolicy,us-east-1,93.44.192.68,aws-sdk-go/1.36.7 (go1.15.5, darwin, amd64) APN/1.0 HashiCorp/1.0 Terraform/0.14.3 (+https://www.terraform.io),EntityAlreadyExistsException,"[{""resourceType"":""AWS::IAM::Policy"",""resourceName"":""lambda_logging""}]",cf7219af-933f-4771-80cc-028066103eee,0f99e7b9-bf24-4464-8b12-81cee86752eb,false,AwsApiCall,182640989777,Management
Dmondello,AKIASVBSAKZIZPALM7BL,2021-01-05T21:30:46Z,iam.amazonaws.com,CreateRole,us-east-1,93.44.192.68,aws-sdk-go/1.36.7 (go1.15.5, darwin, amd64) APN/1.0 HashiCorp/1.0 Terraform/0.14.3 (+https://www.terraform.io),,"[{""resourceType"":""AWS::IAM::Role"",""resourceName"":""lambda_exec""},{""resourceType"":""AWS::IAM::Role"",""resourceName"":""arn:aws:iam::182640989777:role/lambda_exec""},{""resourceType"":""AWS::IAM::Role"",""resourceName"":""AROASVBSAKZIVTGJFYFO6""}]",accf29c5-89ed-4cc5-b041-9ed1a5b1d89f,6a5bbda5-9288-4203-8524-e53e980e467a,false,AwsApiCall,182640989777,Management
Dmondello,AKIASVBSAKZIZPALM7BL,2021-01-05T13:42:43Z,iam.amazonaws.com,AttachRolePolicy,us-east-1,93.44.192.68,aws-sdk-go/1.36.7 (go1.15.5, darwin, amd64) APN/1.0 HashiCorp/1.0 Terraform/0.14.3 (+https://www.terraform.io),,"[{""resourceType"":""AWS::IAM::Policy"",""resourceName"":""arn:aws:iam::182640989777:policy/lambda_logging""},{""resourceType"":""AWS::IAM::Role"",""resourceName"":""iam_for_lambda""}]",b22817c4-1f1f-49fc-9186-2fba0f1e03cd,794062fc-322c-499c-8645-348bb186890c,false,AwsApiCall,182640989777,Management
Dmondello,AKIASVBSAKZIZPALM7BL,2021-01-05T13:42:42Z,iam.amazonaws.com,CreatePolicy,us-east-1,93.44.192.68,aws-sdk-go/1.36.7 (go1.15.5, darwin, amd64) APN/1.0 HashiCorp/1.0 Terraform/0.14.3 (+https://www.terraform.io),,"[{""resourceType"":""AWS::IAM::Policy"",""resourceName"":""lambda_logging""},{""resourceType"":""AWS::IAM::Policy"",""resourceName"":""ANPASVBSAKZIWPD6QIKIE""},{""resourceType"":""AWS::IAM::Policy"",""resourceName"":""arn:aws:iam::182640989777:policy/lambda_logging""}]",265f11de-12bd-4fbe-86b7-375f0dfe6cd9,677a846f-bde5-48cf-aecc-5846882f58d0,false,AwsApiCall,182640989777,Management
Dmondello,AKIASVBSAKZIZPALM7BL,2021-01-05T13:42:42Z,iam.amazonaws.com,CreateRole,us-east-1,93.44.192.68,aws-sdk-go/1.36.7 (go1.15.5, darwin, amd64) APN/1.0 HashiCorp/1.0 Terraform/0.14.3 (+https://www.terraform.io),,"[{""resourceType"":""AWS::IAM::Role"",""resourceName"":""iam_for_lambda""},{""resourceType"":""AWS::IAM::Role"",""resourceName"":""arn:aws:iam::182640989777:role/iam_for_lambda""},{""resourceType"":""AWS::IAM::Role"",""resourceName"":""AROASVBSAKZIYFZBAERHH""}]",e1477752-26dc-422f-97e9-35784297a741,a52035de-fc6e-46d6-9439-fc0decc47226,false,AwsApiCall,182640989777,Management
Daniel,ASIASVBSAKZIY6LVOKXU,2021-01-05T13:37:37Z,iam.amazonaws.com,DeletePolicy,us-east-1,93.44.192.68,console.amazonaws.com,,"[{""resourceType"":""AWS::IAM::Policy"",""resourceName"":""arn:aws:iam::182640989777:policy/lambda_logging""}]",0cf539c4-36b2-473d-9cae-594a7277eed4,9f43d527-cc32-4fc8-99da-ad59867b38eb,false,AwsApiCall,182640989777,Management,,
Daniel,ASIASVBSAKZIY6LVOKXU,2021-01-05T13:36:35Z,iam.amazonaws.com,DetachRolePolicy,us-east-1,93.44.192.68,console.amazonaws.com,,"[{""resourceType"":""AWS::IAM::Policy"",""resourceName"":""arn:aws:iam::182640989777:policy/lambda_logging""},{""resourceType"":""AWS::IAM::Role"",""resourceName"":""iam_for_lambda""}]",79207bba-a274-4404-b057-af21d81bb545,21063345-9c6b-4fa4-9b6b-84e5b51f481e,false,AwsApiCall,182640989777,Management,,
Daniel,ASIASVBSAKZIY6LVOKXU,2021-01-05T13:36:35Z,iam.amazonaws.com,DeleteRole,us-east-1,93.44.192.68,console.amazonaws.com,,"[{""resourceType"":""AWS::IAM::Role"",""resourceName"":""iam_for_lambda""}]",8921fb96-3d35-4ce7-aa95-16ddd976d2aa,c4ce67ec-cbdb-4250-a641-7a070851f8b7,false,AwsApiCall,182640989777,Management,,
Dmondello,AKIASVBSAKZIZPALM7BL,2021-01-05T12:55:27Z,iam.amazonaws.com,AttachRolePolicy,us-east-1,93.44.192.68,aws-sdk-go/1.36.7 (go1.15.5, darwin, amd64) APN/1.0 HashiCorp/1.0 Terraform/0.14.3 (+https://www.terraform.io),,"[{""resourceType"":""AWS::IAM::Policy"",""resourceName"":""arn:aws:iam::182640989777:policy/lambda_logging""},{""resourceType"":""AWS::IAM::Role"",""resourceName"":""iam_for_lambda""}]",389c11bc-6160-4ded-a1d5-c59ac4ca83a4,51d81baa-0f51-47ed-a37e-d8829228da8d,false,AwsApiCall,182640989777,Management
Dmondello,AKIASVBSAKZIZPALM7BL,2021-01-05T12:55:26Z,iam.amazonaws.com,CreateRole,us-east-1,93.44.192.68,aws-sdk-go/1.36.7 (go1.15.5, darwin, amd64) APN/1.0 HashiCorp/1.0 Terraform/0.14.3 (+https://www.terraform.io),,"[{""resourceType"":""AWS::IAM::Role"",""resourceName"":""AROASVBSAKZIRZDUGTQGH""},{""resourceType"":""AWS::IAM::Role"",""resourceName"":""iam_for_lambda""},{""resourceType"":""AWS::IAM::Role"",""resourceName"":""arn:aws:iam::182640989777:role/iam_for_lambda""}]",59bbf8b7-5c5f-4e9d-96bb-ac3f75fc3024,5e12db49-ca5b-4029-abca-2c65a8a13a1b,false,AwsApiCall,182640989777,Management
Dmondello,AKIASVBSAKZIZPALM7BL,2021-01-05T12:55:26Z,iam.amazonaws.com,CreatePolicy,us-east-1,93.44.192.68,aws-sdk-go/1.36.7 (go1.15.5, darwin, amd64) APN/1.0 HashiCorp/1.0 Terraform/0.14.3 (+https://www.terraform.io),,"[{""resourceType"":""AWS::IAM::Policy"",""resourceName"":""lambda_logging""},{""resourceType"":""AWS::IAM::Policy"",""resourceName"":""ANPASVBSAKZISLVI2BLYE""},{""resourceType"":""AWS::IAM::Policy"",""resourceName"":""arn:aws:iam::182640989777:policy/lambda_logging""}]",712db49e-9664-46c5-84b4-da4d404e3d6d,e6170719-472d-42f4-b2db-6d98b07b595a,false,AwsApiCall,182640989777,Management
Daniel,,2021-01-05T12:51:02Z,signin.amazonaws.com,ConsoleLogin,us-east-1,93.44.192.68,"Mozilla/5.0 (Macintosh; Intel Mac OS X 11_1_0) AppleWebKit/537.36 (KHTML, like Gecko) Chrome/87.0.4280.88 Safari/537.36",,[],,e5d87e44-f919-45e4-847d-c100a547b611,false,AwsConsoleSignIn,182640989777,Management,,
Daniel,ASIASVBSAKZI4D7DC5HA,2021-01-05T08:30:52Z,iam.amazonaws.com,DeleteRole,us-east-1,93.44.192.68,console.amazonaws.com,,"[{""resourceType"":""AWS::IAM::Role"",""resourceName"":""iam_for_lambda""}]",44750af1-c813-493a-be49-ef2a86c1607e,bc28526d-a9d7-46d5-8c4d-6c7bdda85224,false,AwsApiCall,182640989777,Management,,
Daniel,ASIASVBSAKZI4D7DC5HA,2021-01-05T08:30:13Z,iam.amazonaws.com,DeletePolicy,us-east-1,93.44.192.68,console.amazonaws.com,,"[{""resourceType"":""AWS::IAM::Policy"",""resourceName"":""arn:aws:iam::182640989777:policy/lambda_logging""}]",61806b96-891d-4c8d-8223-636f13ac5fbc,6819bb91-9cf3-473b-b453-edc3c9f58992,false,AwsApiCall,182640989777,Management,,
Daniel,ASIASVBSAKZI4D7DC5HA,2021-01-05T08:30:13Z,iam.amazonaws.com,DetachRolePolicy,us-east-1,93.44.192.68,console.amazonaws.com,,"[{""resourceType"":""AWS::IAM::Policy"",""resourceName"":""arn:aws:iam::182640989777:policy/lambda_logging""},{""resourceType"":""AWS::IAM::Role"",""resourceName"":""iam_for_lambda""}]",767bb911-f326-4a53-b743-8df1df390b57,da8ddfa0-3dbc-4cbb-9f95-e02a6ee4557f,false,AwsApiCall,182640989777,Management,,
Dmondello,AKIASVBSAKZIZPALM7BL,2021-01-05T08:17:38Z,iam.amazonaws.com,AttachRolePolicy,us-east-1,93.44.192.68,aws-sdk-go/1.36.7 (go1.15.5, darwin, amd64) APN/1.0 HashiCorp/1.0 Terraform/0.14.3 (+https://www.terraform.io),,"[{""resourceType"":""AWS::IAM::Policy"",""resourceName"":""arn:aws:iam::182640989777:policy/lambda_logging""},{""resourceType"":""AWS::IAM::Role"",""resourceName"":""iam_for_lambda""}]",b759eb03-4c24-4f04-8a56-b6e02e86d4f3,4dd0e25e-0b9b-442e-a5bb-764161f3039a,false,AwsApiCall,182640989777,Management
Dmondello,AKIASVBSAKZIZPALM7BL,2021-01-05T08:17:36Z,iam.amazonaws.com,CreateRole,us-east-1,93.44.192.68,aws-sdk-go/1.36.7 (go1.15.5, darwin, amd64) APN/1.0 HashiCorp/1.0 Terraform/0.14.3 (+https://www.terraform.io),,"[{""resourceType"":""AWS::IAM::Role"",""resourceName"":""AROASVBSAKZIWJTRS45MW""},{""resourceType"":""AWS::IAM::Role"",""resourceName"":""iam_for_lambda""},{""resourceType"":""AWS::IAM::Role"",""resourceName"":""arn:aws:iam::182640989777:role/iam_for_lambda""}]",bd0cce83-f556-4642-a2f2-65b1104f79ba,1c2849ab-e44f-46c2-ac84-2616e42aa462,false,AwsApiCall,182640989777,Management
Dmondello,AKIASVBSAKZIZPALM7BL,2021-01-05T08:17:36Z,iam.amazonaws.com,CreatePolicy,us-east-1,93.44.192.68,aws-sdk-go/1.36.7 (go1.15.5, darwin, amd64) APN/1.0 HashiCorp/1.0 Terraform/0.14.3 (+https://www.terraform.io),,"[{""resourceType"":""AWS::IAM::Policy"",""resourceName"":""lambda_logging""},{""resourceType"":""AWS::IAM::Policy"",""resourceName"":""ANPASVBSAKZIXAN6W7YRZ""},{""resourceType"":""AWS::IAM::Policy"",""resourceName"":""arn:aws:iam::182640989777:policy/lambda_logging""}]",a079eedb-db39-43d5-b2ee-d2547abbcdf2,da3621b2-ca9b-46b3-a137-45bfb167c136,false,AwsApiCall,182640989777,Management
Daniel,ASIASVBSAKZI4D7DC5HA,2021-01-05T08:16:11Z,iam.amazonaws.com,DeleteRole,us-east-1,93.44.192.68,console.amazonaws.com,,"[{""resourceType"":""AWS::IAM::Role"",""resourceName"":""iam_for_lambda""}]",2ef3a4b5-a5cb-46a2-bafb-d26f6fc102cf,4a7e30fc-dc3a-41c6-a04a-efff2dc5cdf9,false,AwsApiCall,182640989777,Management,,
Daniel,ASIASVBSAKZI4D7DC5HA,2021-01-05T08:15:27Z,iam.amazonaws.com,DetachRolePolicy,us-east-1,93.44.192.68,console.amazonaws.com,,"[{""resourceType"":""AWS::IAM::Policy"",""resourceName"":""arn:aws:iam::182640989777:policy/lambda_logging""},{""resourceType"":""AWS::IAM::Role"",""resourceName"":""iam_for_lambda""}]",253de680-db11-478a-b585-dc724fc195ce,621f17dd-66b6-4fbd-9453-60525807c4d2,false,AwsApiCall,182640989777,Management,,
Daniel,ASIASVBSAKZI4D7DC5HA,2021-01-05T08:15:27Z,iam.amazonaws.com,DeletePolicy,us-east-1,93.44.192.68,console.amazonaws.com,,"[{""resourceType"":""AWS::IAM::Policy"",""resourceName"":""arn:aws:iam::182640989777:policy/lambda_logging""}]",ba39474f-1b4a-416e-8b6c-63563cfd827d,a5a57c38-d652-4d60-afac-fdcf124a0283,false,AwsApiCall,182640989777,Management,,
Dmondello,AKIASVBSAKZIZPALM7BL,2021-01-05T08:06:15Z,iam.amazonaws.com,CreatePolicy,us-east-1,93.44.192.68,aws-sdk-go/1.36.7 (go1.15.5, darwin, amd64) APN/1.0 HashiCorp/1.0 Terraform/0.14.3 (+https://www.terraform.io),EntityAlreadyExistsException,"[{""resourceType"":""AWS::IAM::Policy"",""resourceName"":""lambda_logging""}]",560335a2-8852-4775-a53d-e0be8971caae,05cdf8e0-d7c4-4e66-a56e-db7d3e2b2694,false,AwsApiCall,182640989777,Management
Dmondello,AKIASVBSAKZIZPALM7BL,2021-01-05T08:06:15Z,iam.amazonaws.com,CreateRole,us-east-1,93.44.192.68,aws-sdk-go/1.36.7 (go1.15.5, darwin, amd64) APN/1.0 HashiCorp/1.0 Terraform/0.14.3 (+https://www.terraform.io),EntityAlreadyExistsException,"[{""resourceType"":""AWS::IAM::Role"",""resourceName"":""iam_for_lambda""}]",8fbee02f-c53d-440a-aefb-25299e535750,1074a013-dff6-4404-b6ab-d47428c172f7,false,AwsApiCall,182640989777,Management
Dmondello,AKIASVBSAKZIZPALM7BL,2021-01-05T00:22:47Z,iam.amazonaws.com,CreateRole,us-east-1,93.44.192.68,aws-sdk-go/1.36.7 (go1.15.5, darwin, amd64) APN/1.0 HashiCorp/1.0 Terraform/0.14.3 (+https://www.terraform.io),EntityAlreadyExistsException,"[{""resourceType"":""AWS::IAM::Role"",""resourceName"":""iam_for_lambda""}]",2116e11d-4efb-4f1c-a1e5-8ef280d9a988,7f350c74-6ae9-4a43-9b12-670b3684d4d2,false,AwsApiCall,182640989777,Management
Dmondello,AKIASVBSAKZIZPALM7BL,2021-01-05T00:22:47Z,iam.amazonaws.com,CreatePolicy,us-east-1,93.44.192.68,aws-sdk-go/1.36.7 (go1.15.5, darwin, amd64) APN/1.0 HashiCorp/1.0 Terraform/0.14.3 (+https://www.terraform.io),EntityAlreadyExistsException,"[{""resourceType"":""AWS::IAM::Policy"",""resourceName"":""lambda_logging""}]",c77c0c58-c4e6-42ca-aaca-1d284ac5b0cb,b33aa726-e604-41eb-b8da-35cb42bc8128,false,AwsApiCall,182640989777,Management
Dmondello,AKIASVBSAKZIZPALM7BL,2021-01-05T00:20:15Z,iam.amazonaws.com,CreateRole,us-east-1,93.44.192.68,aws-sdk-go/1.36.7 (go1.15.5, darwin, amd64) APN/1.0 HashiCorp/1.0 Terraform/0.14.3 (+https://www.terraform.io),EntityAlreadyExistsException,"[{""resourceType"":""AWS::IAM::Role"",""resourceName"":""iam_for_lambda""}]",e742bb00-f70f-4362-bf80-0ec27744942a,a48de38c-9824-4524-add9-f2cc2f071e47,false,AwsApiCall,182640989777,Management
Dmondello,AKIASVBSAKZIZPALM7BL,2021-01-05T00:20:15Z,iam.amazonaws.com,CreatePolicy,us-east-1,93.44.192.68,aws-sdk-go/1.36.7 (go1.15.5, darwin, amd64) APN/1.0 HashiCorp/1.0 Terraform/0.14.3 (+https://www.terraform.io),EntityAlreadyExistsException,"[{""resourceType"":""AWS::IAM::Policy"",""resourceName"":""lambda_logging""}]",2506c258-fb1c-4a7a-a3bf-c16d22ddf097,b77af98c-9f46-4f7d-a7fd-7fdb9bfa5946,false,AwsApiCall,182640989777,Management
Dmondello,AKIASVBSAKZIZPALM7BL,2021-01-05T00:08:27Z,iam.amazonaws.com,CreatePolicy,us-east-1,93.44.192.68,aws-sdk-go/1.36.7 (go1.15.5, darwin, amd64) APN/1.0 HashiCorp/1.0 Terraform/0.14.3 (+https://www.terraform.io),EntityAlreadyExistsException,"[{""resourceType"":""AWS::IAM::Policy"",""resourceName"":""lambda_logging""}]",1a49c1a7-37ad-45e9-9a08-8d9bffc73f79,5fb452c1-abd2-4d75-92d7-354df44dd982,false,AwsApiCall,182640989777,Management
Dmondello,AKIASVBSAKZIZPALN6BL,2021-01-05T00:08:27Z,iam.amazonaws.com,CreateRole,us-east-1,93.44.192.68,aws-sdk-go/1.36.7 (go1.15.5, darwin, amd64) APN/1.0 HashiCorp/1.0 Terraform/0.14.3 (+https://www.terraform.io),EntityAlreadyExistsException,"[{""resourceType"":""AWS::IAM::Role"",""resourceName"":""iam_for_lambda""}]",47636fa1-1371-4980-b9cc-f9d0cdc6249f,92e6de3b-84d7-47f9-b646-4f9c5b3c24db,false,AwsApiCall,182640989777,Management
Dmondello,AKIASVBSAKZIZPALM7BL,2021-01-04T23:37:22Z,iam.amazonaws.com,CreateRole,us-east-1,93.44.192.68,aws-sdk-go/1.36.7 (go1.15.5, darwin, amd64) APN/1.0 HashiCorp/1.0 Terraform/0.14.3 (+https://www.terraform.io),EntityAlreadyExistsException,"[{""resourceType"":""AWS::IAM::Role"",""resourceName"":""iam_for_lambda""}]",110c876a-30b3-49c6-902c-8c8536299401,ecb49271-a376-49e5-acc8-f97ae363a854,false,AwsApiCall,182640989777,Management
Dmondello,AKIASVBSAKZIZPALM7BL,2021-01-04T23:37:21Z,iam.amazonaws.com,CreatePolicy,us-east-1,93.44.192.68,aws-sdk-go/1.36.7 (go1.15.5, darwin, amd64) APN/1.0 HashiCorp/1.0 Terraform/0.14.3 (+https://www.terraform.io),EntityAlreadyExistsException,"[{""resourceType"":""AWS::IAM::Policy"",""resourceName"":""lambda_logging""}]",92784fb3-03c8-4520-9bb6-fab21181e93e,4b82c0ad-bc8c-4f73-b235-dfb0b4b8c7a0,false,AwsApiCall,182640989777,Management
Daniel,,2021-01-04T22:49:01Z,signin.amazonaws.com,ConsoleLogin,us-east-1,93.44.192.68,"Mozilla/5.0 (Macintosh; Intel Mac OS X 11_1_0) AppleWebKit/537.36 (KHTML, like Gecko) Chrome/87.0.4280.88 Safari/537.36",,[],,6a98ac08-b7a5-4d90-8f3a-3cd01169a888,false,AwsConsoleSignIn,182640989777,Management,,
Dmondello,AKIASVBSAKZIZPALM7BL,2021-01-04T22:35:06Z,iam.amazonaws.com,AttachRolePolicy,us-east-1,93.44.192.68,aws-sdk-go/1.36.7 (go1.15.5, darwin, amd64) APN/1.0 HashiCorp/1.0 Terraform/0.14.3 (+https://www.terraform.io),,"[{""resourceType"":""AWS::IAM::Policy"",""resourceName"":""arn:aws:iam::182640989777:policy/lambda_logging""},{""resourceType"":""AWS::IAM::Role"",""resourceName"":""iam_for_lambda""}]",4b404c73-b0bd-4cff-bce4-32299a89421e,7e1a7670-a2d8-48bd-b852-6de225292e75,false,AwsApiCall,182640989777,Management
Dmondello,AKIASVBSAKZIZPALM7BL,2021-01-04T22:35:04Z,iam.amazonaws.com,CreatePolicy,us-east-1,93.44.192.68,aws-sdk-go/1.36.7 (go1.15.5, darwin, amd64) APN/1.0 HashiCorp/1.0 Terraform/0.14.3 (+https://www.terraform.io),,"[{""resourceType"":""AWS::IAM::Policy"",""resourceName"":""lambda_logging""},{""resourceType"":""AWS::IAM::Policy"",""resourceName"":""arn:aws:iam::182640989777:policy/lambda_logging""},{""resourceType"":""AWS::IAM::Policy"",""resourceName"":""ANPASVBSAKZIU44VVWBK6""}]",f51030b2-094a-49d5-803d-e4d942bcb37b,28c8ffae-bbb5-48d4-aa4a-f240c87a6419,false,AwsApiCall,182640989777,Management
Dmondello,AKIASVBSAKZIZPALM7BL,2021-01-04T22:35:04Z,iam.amazonaws.com,CreateRole,us-east-1,93.44.192.68,aws-sdk-go/1.36.7 (go1.15.5, darwin, amd64) APN/1.0 HashiCorp/1.0 Terraform/0.14.3 (+https://www.terraform.io),,"[{""resourceType"":""AWS::IAM::Role"",""resourceName"":""AROASVBSAKZIY6E3VIA2R""},{""resourceType"":""AWS::IAM::Role"",""resourceName"":""iam_for_lambda""},{""resourceType"":""AWS::IAM::Role"",""resourceName"":""arn:aws:iam::182640989777:role/iam_for_lambda""}]",39de521c-ca2d-4fcd-9ea5-1b40ddbd9da5,5b0d9219-beaa-4ec0-b305-c5ea2bd1cafe,false,AwsApiCall,182640989777,Management
Daniel,ASIASVBSAKZISX4I2EHV,2021-01-03T21:50:22Z,iam.amazonaws.com,AttachGroupPolicy,us-east-1,93.44.192.68,console.amazonaws.com,,"[{""resourceType"":""AWS::IAM::Policy"",""resourceName"":""arn:aws:iam::aws:policy/AWSOrganizationsFullAccess""},{""resourceType"":""AWS::IAM::Group"",""resourceName"":""CloudTrailAdmins""}]",32bd6649-c374-4cd6-ab21-962dc35fd3c0,f1e6c6df-60e2-48d5-8a62-fb588e484ace,false,AwsApiCall,182640989777,Management,,
Daniel,ASIASVBSAKZISX4I2EHV,2021-01-03T21:47:08Z,iam.amazonaws.com,AttachGroupPolicy,us-east-1,93.44.192.68,console.amazonaws.com,,"[{""resourceType"":""AWS::IAM::Policy"",""resourceName"":""arn:aws:iam::aws:policy/AmazonS3FullAccess""},{""resourceType"":""AWS::IAM::Group"",""resourceName"":""CloudTrailAdmins""}]",5cb41e67-3f0e-4247-85b3-7cad16b03809,5e1bcdd4-61d3-493c-9436-ceda445b3ba3,false,AwsApiCall,182640989777,Management,,
Daniel,,2021-01-03T21:46:26Z,signin.amazonaws.com,ConsoleLogin,us-east-1,93.44.192.68,"Mozilla/5.0 (Macintosh; Intel Mac OS X 11_1_0) AppleWebKit/537.36 (KHTML, like Gecko) Chrome/87.0.4280.88 Safari/537.36",,[],,ba39e219-4cbd-43c4-8120-1eb3008fbc77,false,AwsConsoleSignIn,182640989777,Management,,
Daniel,ASIASVBSAKZIQZWSLXF7,2021-01-03T09:26:04Z,iam.amazonaws.com,AttachGroupPolicy,us-east-1,93.44.192.68,console.amazonaws.com,,"[{""resourceType"":""AWS::IAM::Policy"",""resourceName"":""arn:aws:iam::aws:policy/AWSCloudTrailReadOnlyAccess""},{""resourceType"":""AWS::IAM::Group"",""resourceName"":""CloudTrailAdmins""}]",db3a1021-4be7-443e-8462-85908e4a9a02,37a31b69-52bb-4970-aa91-346b4cb8e68a,false,AwsApiCall,182640989777,Management,,
Daniel,ASIASVBSAKZIQZWSLXF7,2021-01-03T09:26:04Z,iam.amazonaws.com,AttachGroupPolicy,us-east-1,93.44.192.68,console.amazonaws.com,,"[{""resourceType"":""AWS::IAM::Policy"",""resourceName"":""arn:aws:iam::aws:policy/AWSCloudTrail_FullAccess""},{""resourceType"":""AWS::IAM::Group"",""resourceName"":""CloudTrailAdmins""}]",4fe6fa27-a207-4c28-ad3a-09d9386fd820,d8552b2d-1170-463a-b4f2-3f180e736809,false,AwsApiCall,182640989777,Management,,
Daniel,ASIASVBSAKZIQZWSLXF7,2021-01-03T09:25:13Z,iam.amazonaws.com,DetachGroupPolicy,us-east-1,93.44.192.68,console.amazonaws.com,,"[{""resourceType"":""AWS::IAM::Policy"",""resourceName"":""arn:aws:iam::aws:policy/AWSCloudTrail_FullAccess""},{""resourceType"":""AWS::IAM::Group"",""resourceName"":""CloudTrailAdmins""}]",3e88db72-f689-4b4f-ac8e-53de1806f339,20cd8f84-5506-4d12-a94f-6e0cbcdacbbf,false,AwsApiCall,182640989777,Management,,
Daniel,ASIASVBSAKZIQZWSLXF7,2021-01-03T09:25:11Z,iam.amazonaws.com,DetachGroupPolicy,us-east-1,93.44.192.68,console.amazonaws.com,,"[{""resourceType"":""AWS::IAM::Policy"",""resourceName"":""arn:aws:iam::aws:policy/AWSCloudTrailReadOnlyAccess""},{""resourceType"":""AWS::IAM::Group"",""resourceName"":""CloudTrailAdmins""}]",4afc4ede-7abf-4ab5-9154-86b53332056d,dd686b83-10c2-4d94-ac89-6d4f842fb4aa,false,AwsApiCall,182640989777,Management,,
CloudTrail,,2021-01-03T09:01:49Z,signin.amazonaws.com,ConsoleLogin,us-east-1,93.44.192.68,Mozilla/5.0 (Macintosh, Intel Mac OS X 10.16, rv:84.0) Gecko/20100101 Firefox/84.0,,[],,68f56dc1-4b1c-46c6-becb-f22839b6d636,false,AwsConsoleSignIn,182640989777,Management
Daniel,,2021-01-03T09:00:32Z,signin.amazonaws.com,ConsoleLogin,us-east-1,93.44.192.68,Mozilla/5.0 (Macintosh, Intel Mac OS X 10.16, rv:84.0) Gecko/20100101 Firefox/84.0,,[],,4235ebd9-0702-46f2-90c1-de9b3538e234,false,AwsConsoleSignIn,182640989777,Management
Daniel,,2021-01-03T08:55:30Z,signin.amazonaws.com,ConsoleLogin,us-east-1,93.44.192.68,"Mozilla/5.0 (Macintosh; Intel Mac OS X 11_1_0) AppleWebKit/537.36 (KHTML, like Gecko) Chrome/87.0.4280.88 Safari/537.36",,[],,fb9494d6-b7bb-49d4-aef6-790deeaa9ffd,false,AwsConsoleSignIn,182640989777,Management,,
CloudTrail,,2021-01-03T08:07:22Z,signin.amazonaws.com,ConsoleLogin,us-east-1,93.44.192.68,"Mozilla/5.0 (Macintosh; Intel Mac OS X 11_1_0) AppleWebKit/537.36 (KHTML, like Gecko) Chrome/87.0.4280.88 Safari/537.36",,[],,88a8bbaf-f1f0-4d37-a8ed-ff3e952da70c,false,AwsConsoleSignIn,182640989777,Management,,
Daniel,,2021-01-03T07:31:17Z,signin.amazonaws.com,ConsoleLogin,us-east-1,93.44.192.68,"Mozilla/5.0 (Macintosh; Intel Mac OS X 11_1_0) AppleWebKit/537.36 (KHTML, like Gecko) Chrome/87.0.4280.88 Safari/537.36",,[],,abb8fcd0-ca63-4a94-9a93-e6a841a25042,false,AwsConsoleSignIn,182640989777,Management,,
Daniel,,2021-01-02T18:28:01Z,signin.amazonaws.com,ConsoleLogin,us-east-1,93.44.192.68,"Mozilla/5.0 (Macintosh; Intel Mac OS X 11_1_0) AppleWebKit/537.36 (KHTML, like Gecko) Chrome/87.0.4280.88 Safari/537.36",,[],,fd495010-ecd2-4d66-910c-22b61be4359e,false,AwsConsoleSignIn,182640989777,Management,,
CloudTrail,,2021-01-02T18:25:26Z,signin.amazonaws.com,ConsoleLogin,us-east-1,93.44.192.68,"Mozilla/5.0 (Macintosh; Intel Mac OS X 11_1_0) AppleWebKit/537.36 (KHTML, like Gecko) Chrome/87.0.4280.88 Safari/537.36",,[],,6bd7d848-2331-4b77-8ad8-a90facb88760,false,AwsConsoleSignIn,182640989777,Management,,
Daniel,ASIAJAUCDO4FXTGVK7BQ,2021-01-02T17:31:04Z,iam.amazonaws.com,CreateServiceLinkedRole,us-east-1,AWS Internal,AWS Internal,,[],13d9702f-9cde-4a65-8514-77a02535044a,f5d1fde8-a2c7-4dcb-9124-459c1cda3b18,false,AwsApiCall,182640989777,Management,,
Daniel,,2021-01-02T17:27:09Z,signin.amazonaws.com,ConsoleLogin,us-east-1,93.44.192.68,"Mozilla/5.0 (Macintosh; Intel Mac OS X 11_1_0) AppleWebKit/537.36 (KHTML, like Gecko) Chrome/87.0.4280.88 Safari/537.36",,[],,323bdc3d-9151-496f-8926-df0d9f4a0686,false,AwsConsoleSignIn,182640989777,Management,,
CloudTrail,,2021-01-02T17:24:10Z,signin.amazonaws.com,ConsoleLogin,us-east-1,93.44.192.68,"Mozilla/5.0 (Macintosh; Intel Mac OS X 11_1_0) AppleWebKit/537.36 (KHTML, like Gecko) Chrome/87.0.4280.88 Safari/537.36",,[],,1b516a67-8d76-4dd7-b3de-b9f39f76a7d0,false,AwsConsoleSignIn,182640989777,Management,,
Daniel,,2021-01-02T17:15:36Z,signin.amazonaws.com,ConsoleLogin,us-east-1,93.44.192.68,"Mozilla/5.0 (Macintosh; Intel Mac OS X 11_1_0) AppleWebKit/537.36 (KHTML, like Gecko) Chrome/87.0.4280.88 Safari/537.36",,[],,b4faad57-2eac-417b-a96c-b0ffe5ebc735,false,AwsConsoleSignIn,182640989777,Management,,
CloudTrail,,2021-01-02T17:08:34Z,signin.amazonaws.com,ConsoleLogin,us-east-1,93.44.192.68,"Mozilla/5.0 (Macintosh; Intel Mac OS X 11_1_0) AppleWebKit/537.36 (KHTML, like Gecko) Chrome/87.0.4280.88 Safari/537.36",,[],,f4458fe1-212c-4865-9243-bbddb433b482,false,AwsConsoleSignIn,182640989777,Management,,
Daniel,,2021-01-02T16:54:56Z,signin.amazonaws.com,ConsoleLogin,us-east-1,93.44.192.68,"Mozilla/5.0 (Macintosh; Intel Mac OS X 11_1_0) AppleWebKit/537.36 (KHTML, like Gecko) Chrome/87.0.4280.88 Safari/537.36",,[],,bb6cbaa7-23fd-43f3-a524-7629c1dc0ae8,false,AwsConsoleSignIn,182640989777,Management,,
CloudTrail,,2021-01-02T16:48:05Z,signin.amazonaws.com,ConsoleLogin,us-east-1,93.44.192.68,"Mozilla/5.0 (Macintosh; Intel Mac OS X 11_1_0) AppleWebKit/537.36 (KHTML, like Gecko) Chrome/87.0.4280.88 Safari/537.36",,[],,ffd79afa-aec1-466b-aac4-762e4f464655,false,AwsConsoleSignIn,182640989777,Management,,
HIDDEN_DUE_TO_SECURITY_REASONS,,2021-01-02T16:47:26Z,signin.amazonaws.com,ConsoleLogin,us-east-1,93.44.192.68,"Mozilla/5.0 (Macintosh; Intel Mac OS X 11_1_0) AppleWebKit/537.36 (KHTML, like Gecko) Chrome/87.0.4280.88 Safari/537.36",,[],,009120aa-2a06-4f53-a7f9-5ffd6ab2c923,false,AwsConsoleSignIn,182640989777,Management,,
Daniel,,2021-01-02T16:39:27Z,signin.amazonaws.com,ConsoleLogin,us-east-1,93.44.192.68,"Mozilla/5.0 (Macintosh; Intel Mac OS X 11_1_0) AppleWebKit/537.36 (KHTML, like Gecko) Chrome/87.0.4280.88 Safari/537.36",,[],,779e9251-70b1-4dcf-a2c8-c68c180264c0,false,AwsConsoleSignIn,182640989777,Management,,
CloudTrail,,2021-01-02T16:22:18Z,signin.amazonaws.com,ConsoleLogin,us-east-1,93.44.192.68,"Mozilla/5.0 (Macintosh; Intel Mac OS X 11_1_0) AppleWebKit/537.36 (KHTML, like Gecko) Chrome/87.0.4280.88 Safari/537.36",,[],,7a2a5cf7-8527-4d0f-9854-859ab0acf928,false,AwsConsoleSignIn,182640989777,Management,,
Daniel,,2021-01-02T15:50:10Z,signin.amazonaws.com,ConsoleLogin,us-east-1,93.44.192.68,"Mozilla/5.0 (Macintosh; Intel Mac OS X 11_1_0) AppleWebKit/537.36 (KHTML, like Gecko) Chrome/87.0.4280.88 Safari/537.36",,[],,42754732-02e8-44aa-af2b-3506c445c9ae,false,AwsConsoleSignIn,182640989777,Management,,
Accountant,ASIASVBSAKZIT2QZ5OKY,2021-01-02T15:27:04Z,iam.amazonaws.com,ChangePassword,us-east-1,AWS Internal,AWS Internal,,[],ae38a36e-f97c-40b3-8267-95b8db67160b,3efdb037-45a0-4245-be23-7db0a4cbc3a6,false,AwsApiCall,182640989777,Management,,
CloudTrail,ASIASVBSAKZI54FHOLU2,2021-01-02T15:23:39Z,iam.amazonaws.com,ChangePassword,us-east-1,AWS Internal,AWS Internal,,[],31bad82a-6d29-4858-bd71-89052c879fde,90f3672e-9310-4f09-9a44-04bed3fe2569,false,AwsApiCall,182640989777,Management,,
CloudTrail,,2021-01-02T15:23:09Z,signin.amazonaws.com,ConsoleLogin,us-east-1,93.44.192.68,"Mozilla/5.0 (Macintosh; Intel Mac OS X 11_1_0) AppleWebKit/537.36 (KHTML, like Gecko) Chrome/87.0.4280.88 Safari/537.36",,[],,4f3fc751-d63b-4538-a946-6dd3901aa2b1,false,AwsConsoleSignIn,182640989777,Management,,
Daniel,ASIASVBSAKZIZXTNOXVD,2021-01-02T15:17:07Z,iam.amazonaws.com,CreateLoginProfile,us-east-1,93.44.192.68,console.amazonaws.com,,"[{""resourceType"":""AWS::IAM::User"",""resourceName"":""Accountant""}]",3cf2f66b-a911-4a77-830d-df9a0e6ba078,7302a354-32f9-4bf1-ba6d-7dc6b155ddf3,false,AwsApiCall,182640989777,Management,,
Daniel,ASIASVBSAKZIZXTNOXVD,2021-01-02T15:17:06Z,iam.amazonaws.com,AddUserToGroup,us-east-1,93.44.192.68,console.amazonaws.com,,"[{""resourceType"":""AWS::IAM::User"",""resourceName"":""Accountant""},{""resourceType"":""AWS::IAM::Group"",""resourceName"":""Reviewers""}]",949bd651-8ef6-4603-8606-3e8b6e2a9096,10895bb1-5330-4a55-954d-36c029e87eb3,false,AwsApiCall,182640989777,Management,,
Daniel,ASIASVBSAKZIZXTNOXVD,2021-01-02T15:17:06Z,iam.amazonaws.com,CreateUser,us-east-1,93.44.192.68,console.amazonaws.com,,"[{""resourceType"":""AWS::IAM::User"",""resourceName"":""arn:aws:iam::182640989777:user/Accountant""},{""resourceType"":""AWS::IAM::User"",""resourceName"":""Accountant""},{""resourceType"":""AWS::IAM::User"",""resourceName"":""AIDASVBSAKZIURFA3UKCS""}]",5165f5b7-9e05-41fa-9430-7d378edb328c,278143b2-87fd-42d3-a542-2e304ae7952c,false,AwsApiCall,182640989777,Management,,
Daniel,ASIASVBSAKZIZXTNOXVD,2021-01-02T15:17:06Z,iam.amazonaws.com,AttachUserPolicy,us-east-1,93.44.192.68,console.amazonaws.com,,"[{""resourceType"":""AWS::IAM::User"",""resourceName"":""Accountant""},{""resourceType"":""AWS::IAM::Policy"",""resourceName"":""arn:aws:iam::aws:policy/IAMUserChangePassword""}]",cb305db1-f14a-4b99-81f6-774cad828f12,dfd86df0-c417-4d37-828f-d58a8c407ed1,false,AwsApiCall,182640989777,Management,,
Daniel,ASIASVBSAKZIZXTNOXVD,2021-01-02T15:15:44Z,iam.amazonaws.com,CreateLoginProfile,us-east-1,93.44.192.68,console.amazonaws.com,,"[{""resourceType"":""AWS::IAM::User"",""resourceName"":""CloudTrail""}]",da8c8c4d-a138-4324-a9ea-a44e0c21c19c,12df6165-8972-4861-869a-6ff930df963a,false,AwsApiCall,182640989777,Management,,
Daniel,ASIASVBSAKZIZXTNOXVD,2021-01-02T15:15:43Z,iam.amazonaws.com,AddUserToGroup,us-east-1,93.44.192.68,console.amazonaws.com,,"[{""resourceType"":""AWS::IAM::User"",""resourceName"":""CloudTrail""},{""resourceType"":""AWS::IAM::Group"",""resourceName"":""CloudTrailAdmins""}]",f6e82f72-3342-44b7-a384-5b302021ff33,63feac64-50c5-4bb8-bb00-c8efc40ec707,false,AwsApiCall,182640989777,Management,,
Daniel,ASIASVBSAKZIZXTNOXVD,2021-01-02T15:15:43Z,iam.amazonaws.com,AttachUserPolicy,us-east-1,93.44.192.68,console.amazonaws.com,,"[{""resourceType"":""AWS::IAM::User"",""resourceName"":""CloudTrail""},{""resourceType"":""AWS::IAM::Policy"",""resourceName"":""arn:aws:iam::aws:policy/IAMUserChangePassword""}]",593b8558-83d1-4674-ae8f-10e0bd2ba872,b1fd5a04-95f6-4b7f-9da9-c3f3821a4699,false,AwsApiCall,182640989777,Management,,
Daniel,ASIASVBSAKZIZXTNOXVD,2021-01-02T15:15:42Z,iam.amazonaws.com,CreateUser,us-east-1,93.44.192.68,console.amazonaws.com,,"[{""resourceType"":""AWS::IAM::User"",""resourceName"":""CloudTrail""},{""resourceType"":""AWS::IAM::User"",""resourceName"":""AIDASVBSAKZIUII5GZ645""},{""resourceType"":""AWS::IAM::User"",""resourceName"":""arn:aws:iam::182640989777:user/CloudTrail""}]",21c1b7cd-3b56-4701-9d18-d66330199133,91b2ceb7-378f-48ff-a3ff-9fc2cdf0b1ac,false,AwsApiCall,182640989777,Management,,
Daniel,ASIASVBSAKZIZXTNOXVD,2021-01-02T15:09:20Z,iam.amazonaws.com,CreateGroup,us-east-1,93.44.192.68,console.amazonaws.com,,"[{""resourceType"":""AWS::IAM::Group"",""resourceName"":""Reviewers""},{""resourceType"":""AWS::IAM::Group"",""resourceName"":""AGPASVBSAKZI2Y2ZIWY4Q""},{""resourceType"":""AWS::IAM::Group"",""resourceName"":""arn:aws:iam::182640989777:group/Reviewers""}]",6456538f-6f0f-49e1-bb11-4f3541c7c760,7407c2bf-0436-41d6-82b6-47c21c03dd4a,false,AwsApiCall,182640989777,Management,,
Daniel,ASIASVBSAKZIZXTNOXVD,2021-01-02T15:09:20Z,iam.amazonaws.com,AttachGroupPolicy,us-east-1,93.44.192.68,console.amazonaws.com,,"[{""resourceType"":""AWS::IAM::Policy"",""resourceName"":""arn:aws:iam::aws:policy/job-function/Billing""},{""resourceType"":""AWS::IAM::Group"",""resourceName"":""Reviewers""}]",f8d2244e-cc82-4a34-99ca-c1e5b99da219,b2f33d49-a3db-440a-b3f5-5d1cf2f62abe,false,AwsApiCall,182640989777,Management,,
Daniel,ASIASVBSAKZIZXTNOXVD,2021-01-02T15:08:46Z,iam.amazonaws.com,AttachGroupPolicy,us-east-1,93.44.192.68,console.amazonaws.com,,"[{""resourceType"":""AWS::IAM::Policy"",""resourceName"":""arn:aws:iam::aws:policy/AWSCloudTrailReadOnlyAccess""},{""resourceType"":""AWS::IAM::Group"",""resourceName"":""CloudTrailAdmins""}]",08e51f90-0abf-4ac6-9d1f-d799a2f78612,3905b7ee-f19b-4214-98e5-686f2818f5fe,false,AwsApiCall,182640989777,Management,,
Daniel,ASIASVBSAKZIZXTNOXVD,2021-01-02T15:08:46Z,iam.amazonaws.com,AttachGroupPolicy,us-east-1,93.44.192.68,console.amazonaws.com,,"[{""resourceType"":""AWS::IAM::Policy"",""resourceName"":""arn:aws:iam::aws:policy/AWSCloudTrail_FullAccess""},{""resourceType"":""AWS::IAM::Group"",""resourceName"":""CloudTrailAdmins""}]",1857a2d8-90da-45b6-b5b7-18d1e2461469,85c80b73-866e-4d9d-b957-434719df9f77,false,AwsApiCall,182640989777,Management,,
Daniel,ASIASVBSAKZIZXTNOXVD,2021-01-02T15:08:46Z,iam.amazonaws.com,CreateGroup,us-east-1,93.44.192.68,console.amazonaws.com,,"[{""resourceType"":""AWS::IAM::Group"",""resourceName"":""CloudTrailAdmins""},{""resourceType"":""AWS::IAM::Group"",""resourceName"":""arn:aws:iam::182640989777:group/CloudTrailAdmins""},{""resourceType"":""AWS::IAM::Group"",""resourceName"":""AGPASVBSAKZIZQ7J4O5I3""}]",d052d7a7-3766-4539-b326-24912b1d30e2,c54c0cce-4867-42a8-81aa-f8e2fb4c7dd9,false,AwsApiCall,182640989777,Management,,
Daniel,,2021-01-02T13:02:26Z,signin.amazonaws.com,ConsoleLogin,us-east-1,93.44.192.68,"Mozilla/5.0 (Macintosh; Intel Mac OS X 11_1_0) AppleWebKit/537.36 (KHTML, like Gecko) Chrome/87.0.4280.88 Safari/537.36",,[],,4d8b5ee2-11b9-4008-926e-320cefca5816,false,AwsConsoleSignIn,182640989777,Management,,
Daniel,ASIASVBSAKZIVFBDV6TY,2021-01-02T12:20:47Z,iam.amazonaws.com,UpdateAccountPasswordPolicy,us-east-1,93.44.192.68,console.amazonaws.com,,[],0d15a16e-7ff3-433b-ac28-1f1a18f94b90,ab04610d-e00a-4d2d-93ef-e0f74c2308aa,false,AwsApiCall,182640989777,Management,,
Daniel,,2021-01-02T00:27:01Z,signin.amazonaws.com,ConsoleLogin,us-east-1,93.44.192.68,"Mozilla/5.0 (Macintosh; Intel Mac OS X 11_1_0) AppleWebKit/537.36 (KHTML, like Gecko) Chrome/87.0.4280.88 Safari/537.36",,[],,f36a751b-75ae-46d1-bdcc-ecef0f6b2f60,false,AwsConsoleSignIn,182640989777,Management,,
Daniel,ASIASVBSAKZIUCDDCMPD,2021-01-01T15:31:01Z,iam.amazonaws.com,CreateAccessKey,us-east-1,93.44.192.68,console.amazonaws.com,,"[{""resourceType"":""AWS::IAM::AccessKey"",""resourceName"":""AKIASVBSAKZIZPALN6BL""},{""resourceType"":""AWS::IAM::User"",""resourceName"":""Dmondello""}]",fa034458-4215-4096-8169-931cbb620558,8e6dac18-493e-4325-8835-57eb8dcf2d4b,false,AwsApiCall,182640989777,Management,,
Daniel,ASIASVBSAKZIUCDDCMPD,2021-01-01T15:10:30Z,iam.amazonaws.com,AddUserToGroup,us-east-1,93.44.192.68,console.amazonaws.com,,"[{""resourceType"":""AWS::IAM::User"",""resourceName"":""test""},{""resourceType"":""AWS::IAM::Group"",""resourceName"":""Sistemista""}]",c9bdaee7-66de-4db9-8685-88a9eaaf384a,39ed20b8-4d58-418b-81cd-644972b54b1d,false,AwsApiCall,182640989777,Management,,
Daniel,ASIASVBSAKZIUCDDCMPD,2021-01-01T15:10:30Z,iam.amazonaws.com,CreateAccessKey,us-east-1,93.44.192.68,console.amazonaws.com,,"[{""resourceType"":""AWS::IAM::AccessKey"",""resourceName"":""AKIASVBSAKZIZAESCN5Z""},{""resourceType"":""AWS::IAM::User"",""resourceName"":""test""}]",692580fb-0137-42a4-a32e-b1cb2332f25d,6c6b07cc-3788-4bdb-8ac1-cc6ad928a109,false,AwsApiCall,182640989777,Management,,
Daniel,ASIASVBSAKZIUCDDCMPD,2021-01-01T15:10:30Z,iam.amazonaws.com,CreateUser,us-east-1,93.44.192.68,console.amazonaws.com,,"[{""resourceType"":""AWS::IAM::User"",""resourceName"":""test""},{""resourceType"":""AWS::IAM::User"",""resourceName"":""arn:aws:iam::182640989777:user/test""},{""resourceType"":""AWS::IAM::User"",""resourceName"":""AIDASVBSAKZI4FSIAEBQH""}]",9abdf0d8-599c-495f-8c29-683a0f17134a,cde318d4-8c75-4770-80ba-5345d49f8905,false,AwsApiCall,182640989777,Management,,
Daniel,,2021-01-01T10:07:44Z,signin.amazonaws.com,ConsoleLogin,us-east-1,93.44.192.68,"Mozilla/5.0 (Macintosh; Intel Mac OS X 11_1_0) AppleWebKit/537.36 (KHTML, like Gecko) Chrome/87.0.4280.88 Safari/537.36",,[],,aaf11c61-d2e8-4f90-8de1-db13ce10e723,false,AwsConsoleSignIn,182640989777,Management,,
Daniel,,2020-12-30T08:41:00Z,signin.amazonaws.com,ConsoleLogin,us-east-1,93.44.192.68,"Mozilla/5.0 (Macintosh; Intel Mac OS X 11_1_0) AppleWebKit/537.36 (KHTML, like Gecko) Chrome/87.0.4280.88 Safari/537.36",,[],,fc75c4ba-faf9-42b5-a881-0bf6c7a3a6ee,false,AwsConsoleSignIn,182640989777,Management,,
Daniel,,2020-12-29T06:42:29Z,signin.amazonaws.com,ConsoleLogin,us-east-1,93.44.192.68,"Mozilla/5.0 (Macintosh; Intel Mac OS X 11_1_0) AppleWebKit/537.36 (KHTML, like Gecko) Chrome/87.0.4280.88 Safari/537.36",,[],,effe613c-a0a0-4365-8521-52a5b066b5bd,false,AwsConsoleSignIn,182640989777,Management,,
Daniel,,2020-12-28T16:18:31Z,signin.amazonaws.com,ConsoleLogin,us-east-1,93.44.192.68,"Mozilla/5.0 (Macintosh; Intel Mac OS X 11_1_0) AppleWebKit/537.36 (KHTML, like Gecko) Chrome/87.0.4280.88 Safari/537.36",,[],,5de21cd1-2dd0-4371-ab13-520bf88610ef,false,AwsConsoleSignIn,182640989777,Management,,
Daniel,,2020-12-27T07:11:28Z,signin.amazonaws.com,ConsoleLogin,us-east-1,93.44.192.68,"Mozilla/5.0 (Macintosh; Intel Mac OS X 11_1_0) AppleWebKit/537.36 (KHTML, like Gecko) Chrome/87.0.4280.88 Safari/537.36",,[],,db621ef3-c0f0-4927-a885-b719a64dbf28,false,AwsConsoleSignIn,182640989777,Management,,
Daniel,,2020-12-25T14:19:01Z,signin.amazonaws.com,ConsoleLogin,us-east-1,93.44.192.68,"Mozilla/5.0 (Macintosh; Intel Mac OS X 11_1_0) AppleWebKit/537.36 (KHTML, like Gecko) Chrome/87.0.4280.88 Safari/537.36",,[],,9bdf21ea-b681-4e93-9967-dcd354822fef,false,AwsConsoleSignIn,182640989777,Management,,
Daniel,,2020-12-20T20:17:28Z,signin.amazonaws.com,ConsoleLogin,us-east-1,93.44.192.68,"Mozilla/5.0 (Macintosh; Intel Mac OS X 11_1_0) AppleWebKit/537.36 (KHTML, like Gecko) Chrome/87.0.4280.88 Safari/537.36",,[],,b200d3d0-8918-49b0-8ef0-214f1375a3ee,false,AwsConsoleSignIn,182640989777,Management,,
Daniel,,2020-12-20T07:16:06Z,signin.amazonaws.com,ConsoleLogin,us-east-1,93.44.192.68,"Mozilla/5.0 (Macintosh; Intel Mac OS X 11_1_0) AppleWebKit/537.36 (KHTML, like Gecko) Chrome/87.0.4280.88 Safari/537.36",,[],,2a1b7708-1231-4955-b356-f15020f4466a,false,AwsConsoleSignIn,182640989777,Management,,
Daniel,,2020-12-19T17:10:47Z,signin.amazonaws.com,ConsoleLogin,us-east-1,93.44.192.68,"Mozilla/5.0 (Macintosh; Intel Mac OS X 11_1_0) AppleWebKit/537.36 (KHTML, like Gecko) Chrome/87.0.4280.88 Safari/537.36",,[],,2af289a1-35c8-4a19-a44e-08823a82e1f3,false,AwsConsoleSignIn,182640989777,Management,,
Daniel,,2020-12-19T02:09:41Z,signin.amazonaws.com,ConsoleLogin,us-east-1,93.44.192.68,"Mozilla/5.0 (Macintosh; Intel Mac OS X 11_1_0) AppleWebKit/537.36 (KHTML, like Gecko) Chrome/87.0.4280.88 Safari/537.36",,[],,a32bc4b0-4e13-4b85-ab56-b42aa211cabc,false,AwsConsoleSignIn,182640989777,Management,,
Daniel,,2020-12-17T04:50:54Z,signin.amazonaws.com,ConsoleLogin,us-east-1,93.44.192.68,"Mozilla/5.0 (Macintosh; Intel Mac OS X 11_0_1) AppleWebKit/537.36 (KHTML, like Gecko) Chrome/87.0.4280.88 Safari/537.36",,[],,2b8c93dd-a773-4513-8f45-1cbcf7182b68,false,AwsConsoleSignIn,182640989777,Management,,
Daniel,,2020-12-16T15:45:41Z,signin.amazonaws.com,ConsoleLogin,us-east-1,93.48.24.188,"Mozilla/5.0 (Macintosh; Intel Mac OS X 11_0_1) AppleWebKit/537.36 (KHTML, like Gecko) Chrome/87.0.4280.88 Safari/537.36",,[],,d32e6503-c966-4c2f-9071-cc02f6d75647,,AwsConsoleSignIn,182640989777,,,
Daniel,,2020-12-15T21:32:19Z,signin.amazonaws.com,ConsoleLogin,us-east-1,93.44.192.68,"Mozilla/5.0 (Macintosh; Intel Mac OS X 11_0_1) AppleWebKit/537.36 (KHTML, like Gecko) Chrome/87.0.4280.88 Safari/537.36",,[],,0921f0d5-e41b-42ef-adf7-12e1494d1d08,,AwsConsoleSignIn,182640989777,,,
Daniel,,2020-12-14T14:49:28Z,signin.amazonaws.com,ConsoleLogin,us-east-1,93.48.24.254,"Mozilla/5.0 (Macintosh; Intel Mac OS X 11_0_1) AppleWebKit/537.36 (KHTML, like Gecko) Chrome/87.0.4280.88 Safari/537.36",,[],,000468de-4cf1-49d5-bc80-907e17403ac2,,AwsConsoleSignIn,182640989777,,,
Daniel,,2020-12-13T20:08:35Z,signin.amazonaws.com,ConsoleLogin,us-east-1,93.44.192.68,"Mozilla/5.0 (Macintosh; Intel Mac OS X 11_0_1) AppleWebKit/537.36 (KHTML, like Gecko) Chrome/87.0.4280.88 Safari/537.36",,[],,b67c2114-7008-429d-8784-ba6c5ef4e756,,AwsConsoleSignIn,182640989777,,,
Daniel,,2020-12-13T05:20:54Z,signin.amazonaws.com,ConsoleLogin,us-east-1,93.44.192.68,"Mozilla/5.0 (Macintosh; Intel Mac OS X 11_0_1) AppleWebKit/537.36 (KHTML, like Gecko) Chrome/87.0.4280.88 Safari/537.36",,[],,7e830760-074a-46a3-b14c-d55a89ef1230,,AwsConsoleSignIn,182640989777,,,
Daniel,,2020-12-12T15:01:52Z,signin.amazonaws.com,ConsoleLogin,us-east-1,93.44.192.68,"Mozilla/5.0 (Macintosh; Intel Mac OS X 11_0_1) AppleWebKit/537.36 (KHTML, like Gecko) Chrome/87.0.4280.88 Safari/537.36",,[],,fbbea144-f863-4dc2-8bcc-b7e351542115,,AwsConsoleSignIn,182640989777,,,
HIDDEN_DUE_TO_SECURITY_REASONS,,2020-12-09T14:32:17Z,signin.amazonaws.com,ConsoleLogin,us-east-1,37.77.113.116,"Mozilla/5.0 (Windows NT 10.0; Win64; x64) AppleWebKit/537.36 (KHTML, like Gecko) Chrome/86.0.4240.198 Safari/537.36",,[],,189b8e2e-ac05-430e-bde8-3d47d0f58a8f,,AwsConsoleSignIn,182640989777,,,
HIDDEN_DUE_TO_SECURITY_REASONS,,2020-12-09T14:32:06Z,signin.amazonaws.com,ConsoleLogin,us-east-1,37.77.113.116,"Mozilla/5.0 (Windows NT 10.0; Win64; x64) AppleWebKit/537.36 (KHTML, like Gecko) Chrome/86.0.4240.198 Safari/537.36",,[],,664c668a-e52f-44f8-a7a6-bcbf9733a0e6,,AwsConsoleSignIn,182640989777,,,
root,,2020-10-24T20:21:18Z,signin.amazonaws.com,ConsoleLogin,us-east-1,93.44.192.68,"Mozilla/5.0 (Macintosh; Intel Mac OS X 10_15_7) AppleWebKit/537.36 (KHTML, like Gecko) Chrome/86.0.4240.111 Safari/537.36",,[],,812e3704-5097-4967-84f6-62f3d8bbceef,,AwsConsoleSignIn,182640989777,,,
